reporterCd,reporterLabel,partnerCd,partnerLabel,productCd,productLabel,2002,2002_unit,2003,2003_unit,2004,2004_unit,2005,2005_unit,2006,2006_unit,2007,2007_unit,2008,2008_unit,2009,2009_unit,2010,2010_unit,2011,2011_unit,2012,2012_unit,2013,2013_unit,2014,2014_unit,2015,2015_unit,2016,2016_unit,2017,2017_unit,2018,2018_unit,2019,2019_unit,2020,2020_unit,2021,2021_unit
643,Russian Federation,000,World,2709,"Petroleum oils and oils obtained from bituminous minerals, crude",175723529.000,Tons,208901153.000,Tons,239811732.000,Tons,234250128.000,Tons,227555827.000,Tons,238542348.000,Tons,221639174.000,Tons,226041554.000,Tons,230072754.000,Tons,219099701.000,Tons,239963823.000,Tons,236617646.000,Tons,223437883.000,Tons,235098931.000,Tons,254767395.000,Tons,252637316.000,Tons,260171114.000,Tons,267466479.000,Tons,239170418.000,Tons,231585193.000,Tons
643,Russian Federation,156,China,2709,"Petroleum oils and oils obtained from bituminous minerals, crude",2561985.000,Tons,4426896.000,Tons,7364758.000,Tons,8067773.000,Tons,10973174.000,Tons,11746931.000,Tons,11195266.000,Tons,12125623.000,Tons,12837425.000,Tons,21318542.000,Tons,22402997.000,Tons,23033120.000,Tons,29978165.000,Tons,36003433.000,Tons,47584266.000,Tons,52566633.000,Tons,66957523.000,Tons,69647399.000,Tons,75265880.000,Tons,71018805.000,Tons
643,Russian Federation,528,Netherlands,2709,"Petroleum oils and oils obtained from bituminous minerals, crude",16735281.000,Tons,21461086.000,Tons,35560237.000,Tons,40691388.000,Tons,46845494.000,Tons,50256690.000,Tons,47026354.000,Tons,49995896.000,Tons,56919172.000,Tons,41590598.000,Tons,50650298.000,Tons,43291211.000,Tons,42703982.000,Tons,41827938.000,Tons,49889532.000,Tons,47038424.000,Tons,42156213.000,Tons,46171652.000,Tons,31792130.000,Tons,37358547.000,Tons
643,Russian Federation,276,Germany,2709,"Petroleum oils and oils obtained from bituminous minerals, crude",21132915.000,Tons,25170689.000,Tons,26394769.000,Tons,27386027.000,Tons,25217875.000,Tons,23637348.000,Tons,19640526.000,Tons,20072405.000,Tons,18507270.000,Tons,21076142.000,Tons,21422783.000,Tons,18714733.000,Tons,17266524.000,Tons,20811366.000,Tons,23567472.000,Tons,24208368.000,Tons,23341046.000,Tons,18921720.000,Tons,21819623.000,Tons,19169903.000,Tons
643,Russian Federation,112,Belarus,2709,"Petroleum oils and oils obtained from bituminous minerals, crude",0,,0,,0,,0,,0,,0,,0,,0,,0,,0,,21238122.000,Tons,20675955.000,Tons,23321770.000,Tons,22628984.000,Tons,18425946.000,Tons,18069754.000,Tons,18268922.000,Tons,18035466.000,Tons,14745853.000,Tons,15621839.000,Tons
643,Russian Federation,410,"Korea, Republic of",2709,"Petroleum oils and oils obtained from bituminous minerals, crude",1835645.000,Tons,799699.000,Tons,832111.000,Tons,865106.000,Tons,1396603.000,Tons,7374971.000,Tons,5756566.000,Tons,6143666.000,Tons,10066837.000,Tons,9863105.000,Tons,8960326.000,Tons,9476468.000,Tons,10802407.000,Tons,11961431.000,Tons,12426913.000,Tons,12539628.000,Tons,15273515.000,Tons,15303048.000,Tons,14553482.000,Tons,13544975.000,Tons
643,Russian Federation,616,Poland,2709,"Petroleum oils and oils obtained from bituminous minerals, crude",16037310.000,Tons,16784051.000,Tons,17162249.000,Tons,17479327.000,Tons,19035349.000,Tons,18558690.000,Tons,20939787.000,Tons,20742488.000,Tons,21137167.000,Tons,22573537.000,Tons,20634059.000,Tons,21121484.000,Tons,18071352.000,Tons,18978254.000,Tons,18930239.000,Tons,17263186.000,Tons,17560062.000,Tons,13319851.000,Tons,14876271.000,Tons,11207471.000,Tons
643,Russian Federation,381,Italy,2709,"Petroleum oils and oils obtained from bituminous minerals, crude",19963267.000,Tons,21205768.000,Tons,25608812.000,Tons,29047817.000,Tons,29544675.000,Tons,30387649.000,Tons,28926281.000,Tons,30304020.000,Tons,26355911.000,Tons,22061843.000,Tons,19724158.000,Tons,21244497.000,Tons,20907721.000,Tons,19141738.000,Tons,15570768.000,Tons,15535675.000,Tons,13106165.000,Tons,14610792.000,Tons,12604784.000,Tons,8889161.000,Tons
643,Russian Federation,842,United States of America,2709,"Petroleum oils and oils obtained from bituminous minerals, crude",2558165.000,Tons,2849044.000,Tons,5044942.000,Tons,1841648.000,Tons,1809589.000,Tons,1516471.000,Tons,3448616.000,Tons,4613224.000,Tons,7288427.000,Tons,6861161.000,Tons,3844922.000,Tons,1571566.000,Tons,100022.000,Tons,805143.000,Tons,504609.000,Tons,642163.000,Tons,1778613.000,Tons,4733873.000,Tons,2784667.000,Tons,7366723.000,Tons
643,Russian Federation,246,Finland,2709,"Petroleum oils and oils obtained from bituminous minerals, crude",4116466.000,Tons,6005928.000,Tons,8299825.000,Tons,8013000.000,Tons,8187312.000,Tons,9578146.000,Tons,10539405.000,Tons,9435641.000,Tons,10392301.000,Tons,8222014.000,Tons,8151904.000,Tons,9446591.000,Tons,7692170.000,Tons,9106338.000,Tons,9723414.000,Tons,9489617.000,Tons,10178506.000,Tons,9851686.000,Tons,9228739.000,Tons,6292061.000,Tons
643,Russian Federation,703,Slovakia,2709,"Petroleum oils and oils obtained from bituminous minerals, crude",5441556.000,Tons,5534760.000,Tons,5723436.000,Tons,5234703.000,Tons,5897791.000,Tons,5549193.000,Tons,4550949.000,Tons,2590737.000,Tons,4913989.000,Tons,6024904.000,Tons,5447311.000,Tons,5817680.000,Tons,5318321.000,Tons,5634084.000,Tons,5733319.000,Tons,5526732.000,Tons,5238273.000,Tons,5025365.000,Tons,5458328.000,Tons,5251961.000,Tons
643,Russian Federation,392,Japan,2709,"Petroleum oils and oils obtained from bituminous minerals, crude",564493.000,Tons,793759.000,Tons,1402169.000,Tons,1401615.000,Tons,1154583.000,Tons,5534762.000,Tons,4789520.000,Tons,5351055.000,Tons,9098271.000,Tons,7074937.000,Tons,7600217.000,Tons,11438902.000,Tons,11850966.000,Tons,14005332.000,Tons,9926663.000,Tons,8079493.000,Tons,6999037.000,Tons,6437902.000,Tons,5921310.000,Tons,4512583.000,Tons
643,Russian Federation,792,Türkiye,2709,"Petroleum oils and oils obtained from bituminous minerals, crude",1530607.000,Tons,3303447.000,Tons,3626746.000,Tons,4832271.000,Tons,5063363.000,Tons,4888029.000,Tons,5466576.000,Tons,4568982.000,Tons,2926064.000,Tons,1671829.000,Tons,1359579.000,Tons,1282000.000,Tons,808016.000,Tons,1761986.000,Tons,1919990.000,Tons,1160446.000,Tons,2119986.000,Tons,8155092.000,Tons,2645634.000,Tons,4196895.000,Tons
643,Russian Federation,348,Hungary,2709,"Petroleum oils and oils obtained from bituminous minerals, crude",4935613.000,Tons,5305468.000,Tons,5431253.000,Tons,6402153.000,Tons,6777107.000,Tons,6508649.000,Tons,6641820.000,Tons,6122502.000,Tons,6558113.000,Tons,6179322.000,Tons,5424862.000,Tons,5072666.000,Tons,5389432.000,Tons,4440566.000,Tons,4712870.000,Tons,4404879.000,Tons,4134297.000,Tons,4321508.000,Tons,3830067.000,Tons,3422776.000,Tons
643,Russian Federation,203,Czech Republic,2709,"Petroleum oils and oils obtained from bituminous minerals, crude",3558489.000,Tons,3925369.000,Tons,4451687.000,Tons,5100834.000,Tons,5179946.000,Tons,4613628.000,Tons,4834128.000,Tons,5000555.000,Tons,4579246.000,Tons,3885114.000,Tons,3032736.000,Tons,3943418.000,Tons,3695982.000,Tons,3627639.000,Tons,3421523.000,Tons,4054115.000,Tons,4008984.000,Tons,3822206.000,Tons,3024758.000,Tons,3370486.000,Tons
643,Russian Federation,440,Lithuania,2709,"Petroleum oils and oils obtained from bituminous minerals, crude",6215164.000,Tons,7122856.000,Tons,8660579.000,Tons,8791803.000,Tons,6843445.000,Tons,3200148.000,Tons,2015555.000,Tons,3373055.000,Tons,1706806.000,Tons,5430228.000,Tons,2636652.000,Tons,3558363.000,Tons,2625822.000,Tons,2204793.000,Tons,2886172.000,Tons,3262228.000,Tons,4183549.000,Tons,3038064.000,Tons,2620497.000,Tons,3242451.000,Tons
643,Russian Federation,826,United Kingdom,2709,"Petroleum oils and oils obtained from bituminous minerals, crude",1844515.000,Tons,2133215.000,Tons,3329980.000,Tons,4813107.000,Tons,3278856.000,Tons,3229735.000,Tons,2927002.000,Tons,1434964.000,Tons,2984852.000,Tons,2484376.000,Tons,2172820.000,Tons,3529574.000,Tons,293446.000,Tons,97005.000,Tons,1235805.000,Tons,1824305.000,Tons,980283.000,Tons,2390604.000,Tons,3128024.000,Tons,3120106.000,Tons
643,Russian Federation,724,Spain,2709,"Petroleum oils and oils obtained from bituminous minerals, crude",3606769.000,Tons,3843783.000,Tons,3145018.000,Tons,4808312.000,Tons,3489567.000,Tons,4259088.000,Tons,3454555.000,Tons,3237961.000,Tons,4031904.000,Tons,5360575.000,Tons,4826201.000,Tons,4520393.000,Tons,2530273.000,Tons,2441188.000,Tons,3229986.000,Tons,1941059.000,Tons,1152353.000,Tons,1233276.000,Tons,1082149.000,Tons,2760831.000,Tons
643,Russian Federation,699,India,2709,"Petroleum oils and oils obtained from bituminous minerals, crude",0,,143161.000,Tons,135033.000,Tons,0,,0,,451171.000,Tons,0,,487556.000,Tons,240522.000,Tons,110076.000,Tons,0,,0,,0,,145365.000,Tons,280527.000,Tons,2838512.000,Tons,2292731.000,Tons,2465346.000,Tons,937177.000,Tons,1921470.000,Tons
643,Russian Federation,642,Romania,2709,"Petroleum oils and oils obtained from bituminous minerals, crude",2815142.000,Tons,2008475.000,Tons,3996573.000,Tons,4925781.000,Tons,3503304.000,Tons,3092736.000,Tons,2839994.000,Tons,1466449.000,Tons,2504103.000,Tons,1146574.000,Tons,1285830.000,Tons,1237263.000,Tons,660098.000,Tons,2197097.000,Tons,2986086.000,Tons,2490657.000,Tons,2895446.000,Tons,3151400.000,Tons,2221011.000,Tons,1727749.000,Tons
643,Russian Federation,100,Bulgaria,2709,"Petroleum oils and oils obtained from bituminous minerals, crude",490537.000,Tons,489151.000,Tons,2410904.000,Tons,3508515.000,Tons,4837773.000,Tons,5339471.000,Tons,4060412.000,Tons,3820595.000,Tons,4316623.000,Tons,3251319.000,Tons,4288824.000,Tons,1157269.000,Tons,71803.000,Tons,2457890.000,Tons,4814671.000,Tons,3568235.000,Tons,3051293.000,Tons,3516225.000,Tons,2501997.000,Tons,1665649.000,Tons
643,Russian Federation,300,Greece,2709,"Petroleum oils and oils obtained from bituminous minerals, crude",1179673.000,Tons,914463.000,Tons,1387220.000,Tons,2051320.000,Tons,2556251.000,Tons,1621138.000,Tons,1828190.000,Tons,2242393.000,Tons,1833220.000,Tons,1435424.000,Tons,3673788.000,Tons,4443994.000,Tons,2123683.000,Tons,1873352.000,Tons,1892630.000,Tons,1122246.000,Tons,1080653.000,Tons,2301210.000,Tons,1782307.000,Tons,1352723.000,Tons
643,Russian Federation,208,Denmark,2709,"Petroleum oils and oils obtained from bituminous minerals, crude",1651631.000,Tons,158745.000,Tons,18115.000,Tons,303167.000,Tons,483975.000,Tons,0,,100065.000,Tons,1687143.000,Tons,918724.000,Tons,191254.000,Tons,487124.000,Tons,228021.000,Tons,1131990.000,Tons,520879.000,Tons,489866.000,Tons,1450564.000,Tons,609919.000,Tons,552383.000,Tons,1593814.000,Tons,1081268.000,Tons
643,Russian Federation,458,Malaysia,2709,"Petroleum oils and oils obtained from bituminous minerals, crude",0,,0,,0,,0,,0,,0,,0,,0,,0,,100.000,Tons,33335.000,Tons,1137557.000,Tons,1651002.000,Tons,354852.000,Tons,1613565.000,Tons,349171.000,Tons,648215.000,Tons,568733.000,Tons,400197.000,Tons,735842.000,Tons
643,Russian Federation,191,Croatia,2709,"Petroleum oils and oils obtained from bituminous minerals, crude",1791552.000,Tons,1315391.000,Tons,2115518.000,Tons,1791297.000,Tons,1116831.000,Tons,1880763.000,Tons,2100522.000,Tons,1525253.000,Tons,1489989.000,Tons,1014450.000,Tons,360361.000,Tons,1460730.000,Tons,1656410.000,Tons,2097010.000,Tons,1462161.000,Tons,1604410.000,Tons,2034825.000,Tons,1552231.000,Tons,807614.000,Tons,679923.000,Tons
643,Russian Federation,662,Saint Lucia,2709,"Petroleum oils and oils obtained from bituminous minerals, crude",0,,0,,0,,0,,0,,0,,0,,0,,79920.000,Tons,0,,0,,0,,0,,0,,0,,89877.000,Tons,0,,0,,0,,599538.000,Tons
643,Russian Federation,702,Singapore,2709,"Petroleum oils and oils obtained from bituminous minerals, crude",0,,0,,81073.000,Tons,0,,138852.000,Tons,232947.000,Tons,0,,425600.000,Tons,370854.000,Tons,879134.000,Tons,336419.000,Tons,1298148.000,Tons,1428450.000,Tons,599629.000,Tons,569382.000,Tons,759294.000,Tons,533453.000,Tons,539544.000,Tons,0,,563609.000,Tons
643,Russian Federation,251,France,2709,"Petroleum oils and oils obtained from bituminous minerals, crude",5007509.000,Tons,5660222.000,Tons,5530939.000,Tons,3131329.000,Tons,3343625.000,Tons,2865862.000,Tons,4836313.000,Tons,3095254.000,Tons,3349596.000,Tons,3449254.000,Tons,1926416.000,Tons,1008952.000,Tons,753211.000,Tons,876054.000,Tons,943037.000,Tons,1940834.000,Tons,1381904.000,Tons,1784887.000,Tons,1128408.000,Tons,393128.000,Tons
643,Russian Federation,752,Sweden,2709,"Petroleum oils and oils obtained from bituminous minerals, crude",2327624.000,Tons,2722828.000,Tons,3967918.000,Tons,3729665.000,Tons,2380746.000,Tons,2297389.000,Tons,2639815.000,Tons,3391230.000,Tons,2543961.000,Tons,4029623.000,Tons,4837103.000,Tons,2865558.000,Tons,3847149.000,Tons,2642313.000,Tons,3693487.000,Tons,2006781.000,Tons,2901480.000,Tons,1617407.000,Tons,38239.000,Tons,200466.000,Tons
643,Russian Federation,554,New Zealand,2709,"Petroleum oils and oils obtained from bituminous minerals, crude",0,,0,,0,,0,,0,,0,,0,,190397.000,Tons,94619.000,Tons,0,,0,,400460.000,Tons,499468.000,Tons,891768.000,Tons,202620.000,Tons,200398.000,Tons,30039.000,Tons,350594.000,Tons,608293.000,Tons,107584.000,Tons
643,Russian Federation,764,Thailand,2709,"Petroleum oils and oils obtained from bituminous minerals, crude",0,,135959.000,Tons,0,,80992.000,Tons,162544.000,Tons,0,,94380.000,Tons,78983.000,Tons,1781415.000,Tons,1904425.000,Tons,960176.000,Tons,647214.000,Tons,1508701.000,Tons,493407.000,Tons,673189.000,Tons,554842.000,Tons,322299.000,Tons,300102.000,Tons,0,,96512.000,Tons
643,Russian Federation,860,Uzbekistan,2709,"Petroleum oils and oils obtained from bituminous minerals, crude",0,,0,,0,,0,,0,,0,,25514.000,Tons,0,,0,,0,,0,,0,,0,,89909.000,Tons,40142.000,Tons,2446.000,Tons,103755.000,Tons,0,,10022.000,Tons,60441.000,Tons
643,Russian Federation,233,Estonia,2709,"Petroleum oils and oils obtained from bituminous minerals, crude",2843586.000,Tons,1206669.000,Tons,21348.000,Tons,2307.000,Tons,2941.000,Tons,0,,0,,0,,0,,0,,995.000,Tons,129333.000,Tons,101753.000,Tons,510682.000,Tons,28842.000,Tons,1567.000,Tons,1843.000,Tons,434.000,Tons,0,,49060.000,Tons
643,Russian Federation,344,"Hong Kong, China",2709,"Petroleum oils and oils obtained from bituminous minerals, crude",0,,0,,0,,0,,0,,0,,0,,0,,99997.000,Tons,0,,0,,0,,0,,0,,0,,0,,0,,0,,186990.000,Tons,2011.000,Tons
643,Russian Federation,398,Kazakhstan,2709,"Petroleum oils and oils obtained from bituminous minerals, crude",2706824.000,Tons,2696349.000,Tons,3153251.000,Tons,3917921.000,Tons,5704527.000,Tons,6872003.000,Tons,7212443.000,Tons,6302178.000,Tons,0,,0,,6420280.000,Tons,7583337.000,Tons,500964.000,Tons,158338.000,Tons,3405.000,Tons,52403.000,Tons,21990.000,Tons,26135.000,Tons,24840.000,Tons,492.000,Tons
643,Russian Federation,056,Belgium,2709,"Petroleum oils and oils obtained from bituminous minerals, crude",921291.000,Tons,130231.000,Tons,751056.000,Tons,880388.000,Tons,0,,439195.000,Tons,892305.000,Tons,1977287.000,Tons,411630.000,Tons,1092552.000,Tons,100173.000,Tons,0,,259986.000,Tons,34140.000,Tons,0,,0,,0,,50112.000,Tons,0,,153.000,Tons
643,Russian Federation,012,Algeria,2709,"Petroleum oils and oils obtained from bituminous minerals, crude",0,,0,,0,,0,,0,,0,,0,,0,,0,,0,,0,,100797.000,Tons,0,,0,,0,,0,,0,,0,,0,,0,
643,Russian Federation,031,Azerbaijan,2709,"Petroleum oils and oils obtained from bituminous minerals, crude",0,,0,,0,,0,,0,,0,,0,,0,,0,,0,,0,,0,,0,,0,,97649.000,Tons,0,,64039.000,Tons,268614.000,Tons,64575.000,Tons,0,
643,Russian Federation,036,Australia,2709,"Petroleum oils and oils obtained from bituminous minerals, crude",0,,0,,0,,0,,0,,0,,0,,0,,0,,0,,0,,0,,32367.000,Tons,0,,0,,0,,0,,0,,0,,0,
643,Russian Federation,040,Austria,2709,"Petroleum oils and oils obtained from bituminous minerals, crude",0,,0,,0,,1344970.000,Tons,1587714.000,Tons,263729.000,Tons,0,,0,,0,,0,,0,,0,,0,,0,,0,,40.000,Tons,0,,0,,0,,0,
643,Russian Federation,044,Bahamas,2709,"Petroleum oils and oils obtained from bituminous minerals, crude",0,,1759.000,Tons,0,,0,,0,,0,,0,,0,,0,,0,,0,,0,,0,,0,,0,,0,,0,,0,,0,,0,
643,Russian Federation,060,Bermuda,2709,"Petroleum oils and oils obtained from bituminous minerals, crude",52400.000,Tons,0,,0,,0,,0,,0,,0,,0,,0,,0,,0,,0,,0,,0,,0,,0,,0,,0,,0,,0,
643,Russian Federation,070,Bosnia and Herzegovina,2709,"Petroleum oils and oils obtained from bituminous minerals, crude",90000.000,Tons,134409.000,Tons,0,,0,,0,,0,,0,,261612.000,Tons,553565.000,Tons,705316.000,Tons,680325.000,Tons,792409.000,Tons,655330.000,Tons,404798.000,Tons,0,,0,,0,,0,,0,,0,
643,Russian Federation,076,Brazil,2709,"Petroleum oils and oils obtained from bituminous minerals, crude",139791.000,Tons,0,,0,,0,,0,,0,,0,,0,,60236.000,Tons,0,,177087.000,Tons,0,,0,,0,,0,,0,,0,,0,,0,,0,
643,Russian Federation,092,British Virgin Islands,2709,"Petroleum oils and oils obtained from bituminous minerals, crude",10917908.000,Tons,8710998.000,Tons,3046595.000,Tons,3515020.000,Tons,1691318.000,Tons,979414.000,Tons,0,,0,,0,,0,,0,,0,,0,,0,,0,,0,,0,,0,,0,,0,
643,Russian Federation,096,Brunei Darussalam,2709,"Petroleum oils and oils obtained from bituminous minerals, crude",0,,0,,0,,0,,0,,0,,0,,0,,0,,0,,0,,0,,0,,0,,0,,0,,0,,0,,238446.000,Tons,0,
643,Russian Federation,104,Myanmar,2709,"Petroleum oils and oils obtained from bituminous minerals, crude",0,,0,,0,,0,,0,,0,,0,,0,,0,,0,,0,,0,,0,,0,,0,,0,,0,,139927.000,Tons,0,,0,
643,Russian Federation,124,Canada,2709,"Petroleum oils and oils obtained from bituminous minerals, crude",0,,728244.000,Tons,861606.000,Tons,104738.000,Tons,100201.000,Tons,225205.000,Tons,734426.000,Tons,840574.000,Tons,906079.000,Tons,400399.000,Tons,0,,0,,0,,0,,0,,434646.000,Tons,199924.000,Tons,947014.000,Tons,0,,0,
643,Russian Federation,170,Colombia,2709,"Petroleum oils and oils obtained from bituminous minerals, crude",0,,0,,0,,0,,0,,0,,0,,0,,0,,0,,0,,0,,0,,0,,239636.000,Tons,758489.000,Tons,206914.000,Tons,54958.000,Tons,0,,0,
643,Russian Federation,192,Cuba,2709,"Petroleum oils and oils obtained from bituminous minerals, crude",0,,0,,0,,0,,0,,0,,0,,0,,0,,0,,0,,0,,0,,0,,0,,100064.000,Tons,99937.000,Tons,0,,0,,0,
643,Russian Federation,196,Cyprus,2709,"Petroleum oils and oils obtained from bituminous minerals, crude",4272931.000,Tons,16061492.000,Tons,16864101.000,Tons,6671693.000,Tons,3180939.000,Tons,2676726.000,Tons,0,,5714.000,Tons,0,,0,,0,,0,,0,,0,,0,,0,,0,,0,,0,,0,
643,Russian Federation,268,Georgia,2709,"Petroleum oils and oils obtained from bituminous minerals, crude",0,,0,,0,,0,,0,,0,,0,,0,,0,,3651.000,Tons,0,,0,,0,,2899.000,Tons,0,,1787.000,Tons,0,,0,,0,,0,
643,Russian Federation,292,Gibraltar,2709,"Petroleum oils and oils obtained from bituminous minerals, crude",77488.000,Tons,611551.000,Tons,2123151.000,Tons,774433.000,Tons,0,,0,,0,,0,,0,,59966.000,Tons,0,,100036.000,Tons,0,,100256.000,Tons,100156.000,Tons,0,,0,,0,,0,,0,
643,Russian Federation,352,Iceland,2709,"Petroleum oils and oils obtained from bituminous minerals, crude",0,,0,,2889.000,Tons,0,,0,,0,,0,,0,,0,,0,,0,,0,,0,,0,,0,,0,,0,,0,,0,,0,
643,Russian Federation,360,Indonesia,2709,"Petroleum oils and oils obtained from bituminous minerals, crude",0,,0,,0,,0,,0,,0,,0,,0,,0,,209821.000,Tons,501191.000,Tons,0,,181103.000,Tons,0,,94196.000,Tons,94944.000,Tons,0,,0,,0,,0,
643,Russian Federation,364,"Iran, Islamic Republic of",2709,"Petroleum oils and oils obtained from bituminous minerals, crude",3517.000,Tons,961647.000,Tons,2431394.000,Tons,320619.000,Tons,180006.000,Tons,118058.000,Tons,500.000,Tons,0,,0,,0,,0,,0,,0,,0,,0,,0,,0,,0,,0,,0,
643,Russian Federation,372,Ireland,2709,"Petroleum oils and oils obtained from bituminous minerals, crude",190248.000,Tons,2469028.000,Tons,697815.000,Tons,708010.000,Tons,578597.000,Tons,463076.000,Tons,0,,0,,0,,0,,0,,0,,0,,0,,0,,0,,0,,0,,0,,0,
643,Russian Federation,376,Israel,2709,"Petroleum oils and oils obtained from bituminous minerals, crude",1649507.000,Tons,2838637.000,Tons,1667424.000,Tons,439583.000,Tons,439171.000,Tons,440820.000,Tons,42556.000,Tons,0,,660237.000,Tons,0,,0,,0,,134974.000,Tons,0,,0,,0,,0,,0,,455830.000,Tons,0,
643,Russian Federation,408,"Korea, Democratic People's Republic of",2709,"Petroleum oils and oils obtained from bituminous minerals, crude",124959.000,Tons,0,,56.000,Tons,0,,0,,0,,0,,0,,0,,0,,0,,0,,0,,0,,0,,165.000,Tons,0,,0,,0,,0,
643,Russian Federation,417,Kyrgyzstan,2709,"Petroleum oils and oils obtained from bituminous minerals, crude",0,,0,,0,,0,,4714.000,Tons,45235.000,Tons,135790.000,Tons,19273.000,Tons,14665.000,Tons,0,,0,,0,,2822.000,Tons,1273.000,Tons,0,,0,,1500.000,Tons,62.000,Tons,1937.000,Tons,0,
643,Russian Federation,428,Latvia,2709,"Petroleum oils and oils obtained from bituminous minerals, crude",204456.000,Tons,2114886.000,Tons,1866268.000,Tons,181959.000,Tons,845684.000,Tons,1229916.000,Tons,892356.000,Tons,302011.000,Tons,60.000,Tons,100287.000,Tons,0,,503.000,Tons,43040.000,Tons,101138.000,Tons,36017.000,Tons,0,,100006.000,Tons,400159.000,Tons,0,,0,
643,Russian Federation,434,"Libya, State of",2709,"Petroleum oils and oils obtained from bituminous minerals, crude",0,,0,,0,,0,,0,,0,,0,,0,,0,,0,,0,,80006.000,Tons,0,,0,,0,,0,,0,,0,,0,,0,
643,Russian Federation,442,Luxembourg,2709,"Petroleum oils and oils obtained from bituminous minerals, crude",142100.000,Tons,0,,0,,0,,0,,0,,0,,0,,0,,0,,0,,0,,0,,0,,0,,0,,0,,0,,0,,0,
643,Russian Federation,470,Malta,2709,"Petroleum oils and oils obtained from bituminous minerals, crude",0,,145112.000,Tons,4991.000,Tons,0,,0,,0,,0,,277129.000,Tons,0,,0,,0,,0,,0,,134979.000,Tons,100428.000,Tons,0,,131389.000,Tons,0,,32199.000,Tons,0,
643,Russian Federation,480,Mauritius,2709,"Petroleum oils and oils obtained from bituminous minerals, crude",0,,1047.000,Tons,0,,0,,0,,0,,0,,0,,0,,0,,0,,0,,0,,0,,0,,0,,0,,0,,0,,0,
643,Russian Federation,490,Chinese Taipei,2709,"Petroleum oils and oils obtained from bituminous minerals, crude",273499.000,Tons,270637.000,Tons,224291.000,Tons,0,,0,,0,,0,,0,,200025.000,Tons,0,,197536.000,Tons,200008.000,Tons,200189.000,Tons,316920.000,Tons,0,,0,,0,,0,,0,,0,
643,Russian Federation,496,Mongolia,2709,"Petroleum oils and oils obtained from bituminous minerals, crude",13381.000,Tons,15110.000,Tons,3309.000,Tons,0,,0,,0,,0,,0,,0,,673.000,Tons,693.000,Tons,0,,0,,1413.000,Tons,1039.000,Tons,60.000,Tons,0,,0,,0,,0,
643,Russian Federation,504,Morocco,2709,"Petroleum oils and oils obtained from bituminous minerals, crude",279839.000,Tons,246086.000,Tons,838023.000,Tons,536294.000,Tons,0,,443036.000,Tons,0,,375449.000,Tons,140041.000,Tons,240318.000,Tons,675168.000,Tons,580644.000,Tons,500523.000,Tons,99980.000,Tons,0,,0,,0,,0,,0,,0,
643,Russian Federation,531,Curaçao,2709,"Petroleum oils and oils obtained from bituminous minerals, crude",0,,0,,0,,0,,0,,0,,0,,0,,0,,0,,0,,0,,0,,100106.000,Tons,0,,0,,1081413.000,Tons,100115.000,Tons,0,,0,
643,Russian Federation,533,Aruba,2709,"Petroleum oils and oils obtained from bituminous minerals, crude",0,,0,,214931.000,Tons,0,,0,,0,,0,,0,,0,,0,,0,,0,,0,,0,,0,,10313.000,Tons,0,,0,,0,,0,
643,Russian Federation,579,Norway,2709,"Petroleum oils and oils obtained from bituminous minerals, crude",71225.000,Tons,110506.000,Tons,252820.000,Tons,347198.000,Tons,274510.000,Tons,101594.000,Tons,528903.000,Tons,1027969.000,Tons,308046.000,Tons,418522.000,Tons,504765.000,Tons,64291.000,Tons,117140.000,Tons,460691.000,Tons,226626.000,Tons,397312.000,Tons,222466.000,Tons,323102.000,Tons,156731.000,Tons,0,
643,Russian Federation,591,Panama,2709,"Petroleum oils and oils obtained from bituminous minerals, crude",200981.000,Tons,1752.000,Tons,0,,0,,0,,0,,387393.000,Tons,0,,0,,0,,0,,0,,0,,0,,0,,0,,0,,0,,0,,0,
643,Russian Federation,604,Peru,2709,"Petroleum oils and oils obtained from bituminous minerals, crude",0,,0,,0,,0,,0,,0,,0,,0,,0,,198886.000,Tons,0,,0,,0,,0,,0,,0,,0,,0,,0,,0,
643,Russian Federation,608,Philippines,2709,"Petroleum oils and oils obtained from bituminous minerals, crude",0,,96574.000,Tons,0,,0,,0,,0,,0,,271576.000,Tons,829277.000,Tons,1395640.000,Tons,1215615.000,Tons,1479459.000,Tons,1199464.000,Tons,594302.000,Tons,208642.000,Tons,66154.000,Tons,200374.000,Tons,200103.000,Tons,424800.000,Tons,0,
643,Russian Federation,620,Portugal,2709,"Petroleum oils and oils obtained from bituminous minerals, crude",279008.000,Tons,143316.000,Tons,300403.000,Tons,0,,0,,0,,0,,0,,0,,0,,497474.000,Tons,344808.000,Tons,0,,545292.000,Tons,1798251.000,Tons,2315818.000,Tons,1442349.000,Tons,1102546.000,Tons,0,,0,
643,Russian Federation,704,Viet Nam,2709,"Petroleum oils and oils obtained from bituminous minerals, crude",0,,0,,0,,0,,0,,0,,0,,0,,0,,0,,0,,0,,0,,109252.000,Tons,0,,0,,0,,0,,0,,0,
643,Russian Federation,710,South Africa,2709,"Petroleum oils and oils obtained from bituminous minerals, crude",256893.000,Tons,0,,0,,0,,10007.000,Tons,0,,0,,400448.000,Tons,0,,0,,140309.000,Tons,0,,0,,0,,0,,0,,0,,0,,140311.000,Tons,0,
643,Russian Federation,757,Switzerland,2709,"Petroleum oils and oils obtained from bituminous minerals, crude",5399663.000,Tons,4415500.000,Tons,1809375.000,Tons,4997779.000,Tons,2806208.000,Tons,5317898.000,Tons,3671.000,Tons,0,,2650.000,Tons,0,,300.000,Tons,0,,0,,0,,0,,0,,0,,0,,0,,0,
643,Russian Federation,762,Tajikistan,2709,"Petroleum oils and oils obtained from bituminous minerals, crude",0,,0,,0,,0,,0,,0,,458.000,Tons,0,,0,,0,,0,,0,,0,,0,,0,,0,,0,,0,,0,,0,
643,Russian Federation,780,Trinidad and Tobago,2709,"Petroleum oils and oils obtained from bituminous minerals, crude",0,,0,,0,,0,,0,,0,,700772.000,Tons,1409067.000,Tons,100068.000,Tons,530566.000,Tons,215714.000,Tons,996800.000,Tons,500239.000,Tons,705605.000,Tons,2477255.000,Tons,1807953.000,Tons,1073027.000,Tons,0,,0,,0,
643,Russian Federation,784,United Arab Emirates,2709,"Petroleum oils and oils obtained from bituminous minerals, crude",0,,0,,0,,0,,0,,0,,0,,0,,0,,0,,0,,0,,0,,0,,0,,0,,0,,37678.000,Tons,32487.000,Tons,0,
643,Russian Federation,795,Turkmenistan,2709,"Petroleum oils and oils obtained from bituminous minerals, crude",0,,0,,0,,0,,0,,0,,0,,0,,0,,0,,0,,0,,0,,0,,0,,0.000,Tons,0,,0,,0,,0,
643,Russian Federation,804,Ukraine,2709,"Petroleum oils and oils obtained from bituminous minerals, crude",16258080.000,Tons,19408860.000,Tons,19091087.000,Tons,14793237.000,Tons,10662356.000,Tons,10304838.000,Tons,9385844.000,Tons,8633291.000,Tons,5958878.000,Tons,4653243.000,Tons,729199.000,Tons,401460.000,Tons,319653.000,Tons,123.000,Tons,4404.000,Tons,10631.000,Tons,607.000,Tons,0,,0,,0,
643,Russian Federation,818,Egypt,2709,"Petroleum oils and oils obtained from bituminous minerals, crude",0,,0,,1063840.000,Tons,121864.000,Tons,268303.000,Tons,0,,43648.000,Tons,0,,0,,0,,0,,139966.000,Tons,0,,0,,0,,0,,0,,0,,0,,0,
643,Russian Federation,849,United States Minor Outlying Islands,2709,"Petroleum oils and oils obtained from bituminous minerals, crude",0,,84808.000,Tons,0,,0,,0,,0,,0,,0,,0,,0,,0,,0,,0,,0,,0,,0,,0,,0,,0,,0,
643,Russian Federation,858,Uruguay,2709,"Petroleum oils and oils obtained from bituminous minerals, crude",231972.000,Tons,1001601.000,Tons,417054.000,Tons,287922.000,Tons,0,,0,,0,,414351.000,Tons,0,,0,,187673.000,Tons,0,,0,,0,,0,,0,,0,,0,,0,,0,
643,Russian Federation,891,Serbia and Montenegro,2709,"Petroleum oils and oils obtained from bituminous minerals, crude",220072.000,Tons,80134.000,Tons,422789.000,Tons,5242.000,Tons,0,,0,,0,,0,,0,,0,,0,,0,,0,,0,,0,,0,,0,,0,,0,,0,
643,Russian Federation,899,Area Nes,2709,"Petroleum oils and oils obtained from bituminous minerals, crude",0,,0,,0,,0,,0,,0,,0,,0,,0,,0,,0,,0,,0,,0,,0,,0,,0,,95955.000,Tons,0,,0,
